<?xml version="1.0" encoding="UTF-8"?>
<root>
  <item name="com.facebook.imagepipeline.core.ImagePipelineExperiments int getEnhancedWebpTranscodingType()">
    <annotation name="android.support.annotation.IntDef">
      <val name="value" val="{com.facebook.imagepipeline.producers.WebpTranscodeProducer.JPEG_WEBP_ENHANCED_TYPE, com.facebook.imagepipeline.producers.WebpTranscodeProducer.PNG_WEBP_ENHANCED_TYPE}" />
    </annotation>
  </item>
  <item name="com.facebook.imagepipeline.core.ImagePipelineExperiments mEnhancedWebpTranscodingType">
    <annotation name="android.support.annotation.IntDef">
      <val name="value" val="{com.facebook.imagepipeline.producers.WebpTranscodeProducer.JPEG_WEBP_ENHANCED_TYPE, com.facebook.imagepipeline.producers.WebpTranscodeProducer.PNG_WEBP_ENHANCED_TYPE}" />
    </annotation>
  </item>
  <item name="com.facebook.imagepipeline.core.ImagePipelineExperiments.Builder com.facebook.imagepipeline.core.ImagePipelineConfig.Builder setEnhancedWebpTranscodingType(int) 0">
    <annotation name="android.support.annotation.IntDef">
      <val name="value" val="{com.facebook.imagepipeline.producers.WebpTranscodeProducer.JPEG_WEBP_ENHANCED_TYPE, com.facebook.imagepipeline.producers.WebpTranscodeProducer.PNG_WEBP_ENHANCED_TYPE}" />
    </annotation>
  </item>
  <item name="com.facebook.imagepipeline.core.ImagePipelineExperiments.Builder mEnhancedWebpTranscodingType">
    <annotation name="android.support.annotation.IntDef">
      <val name="value" val="{com.facebook.imagepipeline.producers.WebpTranscodeProducer.JPEG_WEBP_ENHANCED_TYPE, com.facebook.imagepipeline.producers.WebpTranscodeProducer.PNG_WEBP_ENHANCED_TYPE}" />
    </annotation>
  </item>
  <item name="com.facebook.imagepipeline.core.ProducerFactory ProducerFactory(android.content.Context, com.facebook.imagepipeline.memory.ByteArrayPool, com.facebook.imagepipeline.decoder.ImageDecoder, com.facebook.imagepipeline.decoder.ProgressiveJpegConfig, boolean, int, boolean, com.facebook.imagepipeline.core.ExecutorSupplier, com.facebook.imagepipeline.memory.PooledByteBufferFactory, com.facebook.imagepipeline.cache.MemoryCache&lt;com.facebook.cache.common.CacheKey,com.facebook.imagepipeline.image.CloseableImage&gt;, com.facebook.imagepipeline.cache.MemoryCache&lt;com.facebook.cache.common.CacheKey,com.facebook.imagepipeline.memory.PooledByteBuffer&gt;, com.facebook.imagepipeline.cache.BufferedDiskCache, com.facebook.imagepipeline.cache.BufferedDiskCache, com.facebook.imagepipeline.cache.CacheKeyFactory, com.facebook.imagepipeline.bitmaps.PlatformBitmapFactory, boolean, int) 5">
    <annotation name="android.support.annotation.IntDef">
      <val name="value" val="{com.facebook.imagepipeline.producers.WebpTranscodeProducer.JPEG_WEBP_ENHANCED_TYPE, com.facebook.imagepipeline.producers.WebpTranscodeProducer.PNG_WEBP_ENHANCED_TYPE}" />
    </annotation>
  </item>
  <item name="com.facebook.imagepipeline.core.ProducerFactory mEnhancedWebpTranscodingType">
    <annotation name="android.support.annotation.IntDef">
      <val name="value" val="{com.facebook.imagepipeline.producers.WebpTranscodeProducer.JPEG_WEBP_ENHANCED_TYPE, com.facebook.imagepipeline.producers.WebpTranscodeProducer.PNG_WEBP_ENHANCED_TYPE}" />
    </annotation>
  </item>
</root>

